Names,Age,Total_Purchase,Account_Manager,Years,Num_Sites,Onboard_date,Location,Company,Churn
127,42.0,11066.8,0,7.22,8.0,634,81,325,
519,41.0,11916.22,0,6.5,11.0,631,487,849,
285,38.0,12884.75,0,6.67,12.0,871,114,499,
698,42.0,8010.76,0,6.71,10.0,691,110,704,
193,37.0,9191.58,0,5.56,9.0,838,607,458,
413,48.0,10356.02,0,5.12,8.0,282,490,412,
282,44.0,11331.58,1,5.23,11.0,896,387,627,
898,32.0,9885.12,1,6.92,9.0,24,197,702,
66,43.0,14062.6,1,5.46,11.0,490,311,455,
390,40.0,8066.94,1,7.11,11.0,29,307,620,
691,30.0,11575.37,1,5.22,8.0,892,892,76,
123,45.0,8771.02,1,6.64,11.0,795,861,227,
184,45.0,8988.67,1,4.84,11.0,445,717,0,
674,40.0,8283.32,1,5.1,13.0,572,93,713,
324,41.0,6569.87,1,4.3,11.0,781,147,730,
360,38.0,10494.82,1,6.81,12.0,802,369,669,
258,45.0,8213.41,1,7.35,11.0,73,224,23,
480,43.0,11226.88,0,8.08,12.0,93,870,525,
555,53.0,5515.09,0,6.85,8.0,814,549,796,
488,46.0,8046.4,1,5.69,8.0,741,772,62,
236,41.0,9771.22,0,5.81,11.0,608,640,578,
521,56.0,12217.95,1,5.79,11.0,894,462,567,
392,35.0,9381.12,1,6.78,11.0,28,124,149,
689,41.0,10474.94,0,6.4,12.0,509,579,182,
557,55.0,11158.5,1,4.86,10.0,104,688,769,
796,54.0,8207.1,0,4.26,11.0,787,120,863,
208,35.0,12403.81,0,4.42,11.0,141,158,622,
864,40.0,10041.13,0,7.61,11.0,62,828,268,
212,44.0,12721.55,0,5.18,11.0,457,767,209,
657,37.0,8284.89,1,5.6,10.0,287,702,755,
538,54.0,10661.48,1,5.16,8.0,506,805,139,
128,45.0,10793.11,1,4.65,10.0,899,601,50,
725,46.0,9322.44,1,2.69,11.0,429,163,742,
451,44.0,9814.22,1,5.45,12.0,360,827,234,
813,48.0,11740.0,1,4.97,11.0,449,183,467,
503,37.0,14383.36,0,7.84,10.0,453,664,407,
334,38.0,11887.39,0,5.83,12.0,333,833,490,
838,48.0,10367.08,1,6.45,12.0,252,648,456,
295,37.0,8198.06,1,5.04,12.0,889,292,832,
704,41.0,7777.37,0,4.81,12.0,665,596,220,
683,41.0,11699.26,0,6.99,12.0,378,752,152,
367,55.0,16838.94,1,6.66,8.0,161,422,89,
396,36.0,10484.33,1,8.84,10.0,221,335,210,
312,37.0,8736.06,1,5.51,12.0,756,450,704,
712,50.0,10850.78,1,5.63,9.0,402,367,85,
25,43.0,8601.01,0,5.65,12.0,109,823,218,
224,45.0,11170.06,1,7.76,10.0,440,455,843,
10,40.0,11185.62,0,6.26,12.0,22,481,618,
681,36.0,9793.42,0,5.98,9.0,179,722,571,
800,43.0,12524.68,0,5.98,10.0,392,262,827,
116,50.0,12682.9,0,4.58,10.0,77,65,488,
779,44.0,14036.28,1,7.25,10.0,276,342,127,
537,41.0,10179.92,1,5.97,10.0,368,559,421,
576,46.0,12772.72,1,6.46,9.0,407,50,348,
330,46.0,12122.19,0,7.53,11.0,831,104,592,
379,40.0,9922.3,1,5.07,11.0,81,783,838,
36,48.0,4771.65,0,3.77,12.0,135,44,429,
636,42.0,10827.96,1,4.2,10.0,259,373,599,
232,38.0,8642.01,1,4.76,11.0,726,581,804,
200,45.0,6749.49,0,5.88,14.0,67,298,574,
156,36.0,6447.99,1,5.52,11.0,298,466,218,
773,44.0,11091.21,0,5.9,10.0,139,866,345,
115,55.0,5024.52,0,8.11,9.0,363,198,203,
130,58.0,12376.37,0,6.01,12.0,183,296,601,
637,49.0,12458.8,0,5.04,9.0,580,511,478,
507,47.0,7222.35,0,6.41,11.0,800,210,192,
179,38.0,11758.69,0,6.97,11.0,878,840,225,
570,55.0,8772.0,1,6.43,10.0,18,523,95,
226,45.0,7351.38,0,5.76,11.0,886,531,816,
734,30.0,7960.64,1,2.72,10.0,859,699,72,
32,41.0,13365.66,1,8.36,9.0,240,370,287,
489,32.0,8617.98,1,6.2,10.0,222,456,406,
837,52.0,11849.13,0,6.8,11.0,554,790,460,
759,37.0,11145.95,1,5.87,11.0,576,53,39,
667,42.0,9577.42,0,5.86,11.0,514,289,200,
749,39.0,10110.4,1,5.78,13.0,284,665,408,
389,43.0,8024.08,0,4.08,12.0,842,363,362,
828,52.0,8563.24,0,5.29,11.0,374,144,397,
733,40.0,9403.58,1,6.01,9.0,717,567,580,
850,38.0,12520.53,1,6.3,11.0,254,218,299,
431,53.0,13655.59,1,2.05,10.0,654,286,665,
845,41.0,12680.46,0,5.92,11.0,375,364,159,
765,45.0,8429.65,1,7.1,10.0,69,76,323,
768,44.0,11424.0,1,5.98,10.0,498,769,193,
487,46.0,13725.55,0,5.09,9.0,20,355,156,
686,47.0,7396.1,0,4.11,11.0,683,600,783,
547,51.0,8100.43,1,4.92,13.0,4,592,99,
30,43.0,10400.88,0,5.84,10.0,599,644,551,
847,40.0,8625.96,1,6.27,13.0,244,639,241,
223,41.0,5192.38,1,4.86,11.0,819,794,394,
446,45.0,12455.38,0,3.26,11.0,768,29,549,
112,49.0,10522.21,0,7.25,14.0,742,882,539,
289,38.0,9624.18,0,5.53,12.0,265,343,112,
101,37.0,11628.1,1,6.83,10.0,367,152,658,
196,41.0,13190.3,1,7.38,10.0,560,175,357,
812,49.0,13173.8,1,6.36,12.0,162,251,662,
248,29.0,8688.17,1,5.7,9.0,764,185,235,
452,40.0,11434.61,1,8.51,10.0,341,287,439,
106,45.0,12309.39,1,4.57,11.0,200,28,88,
202,30.0,10744.14,1,7.16,9.0,250,391,358,
152,43.0,12104.25,0,5.86,7.0,327,426,329,
748,45.0,11599.27,1,4.78,11.0,99,265,175,
791,42.0,6635.19,0,6.68,11.0,59,856,692,
656,51.0,10978.16,1,6.95,11.0,630,468,590,
129,44.0,13743.27,0,7.8,11.0,465,445,213,
284,43.0,10271.19,1,5.31,14.0,469,788,672,
702,43.0,6715.23,0,4.16,8.0,111,793,763,
377,50.0,10199.44,0,5.79,9.0,565,510,494,
611,38.0,11386.56,0,8.82,9.0,499,496,760,
619,49.0,12112.53,0,7.31,9.0,518,584,809,
275,34.0,9228.84,1,5.29,12.0,100,16,181,
651,36.0,6330.43,1,5.43,7.0,416,539,565,
493,40.0,11611.51,1,5.64,14.0,403,449,583,
266,37.0,8397.41,0,5.59,12.0,226,125,693,
445,49.0,9714.47,0,5.7,9.0,740,162,232,
669,51.0,11602.11,1,5.3,10.0,528,533,613,
386,35.0,12871.79,0,4.64,12.0,26,524,367,
65,41.0,9923.79,1,4.75,13.0,481,139,428,
340,26.0,8787.39,1,5.42,11.0,754,182,752,
858,46.0,12200.31,0,6.62,10.0,423,578,615,
851,38.0,8825.87,1,8.97,10.0,192,157,260,
672,44.0,8615.52,0,7.39,9.0,92,614,505,
352,35.0,9766.95,1,4.59,13.0,204,111,292,
788,36.0,11550.29,0,6.46,13.0,659,352,866,
590,50.0,6244.75,0,4.64,11.0,830,878,444,
442,45.0,9459.52,0,5.72,9.0,804,13,625,
249,46.0,11222.48,0,4.92,9.0,446,779,167,
753,38.0,14693.45,1,7.01,10.0,496,776,530,
649,49.0,15005.43,1,5.27,12.0,548,174,474,
665,42.0,10276.33,1,6.54,11.0,138,92,645,
261,44.0,8474.11,0,6.61,14.0,564,898,147,
279,47.0,8235.74,1,6.2,10.0,169,465,865,
5,48.0,6495.01,1,5.57,12.0,582,230,767,
842,45.0,8099.29,1,5.66,10.0,228,525,686,
9,50.0,11775.75,1,4.83,10.0,441,275,327,
150,39.0,8667.02,0,6.82,10.0,334,636,143,
560,55.0,9000.31,1,6.78,10.0,223,809,564,
343,50.0,14398.89,1,5.54,12.0,173,340,828,
263,38.0,10863.05,1,5.59,11.0,220,45,476,
743,38.0,7287.57,1,7.39,11.0,127,669,133,
404,43.0,6992.09,1,6.84,11.0,386,888,368,
17,39.0,6351.79,0,5.86,6.0,524,280,101,
328,31.0,11297.57,1,6.23,10.0,774,572,511,
799,52.0,7460.05,0,5.39,12.0,641,489,269,
321,41.0,14429.41,1,5.51,11.0,160,619,222,
701,34.0,12983.26,1,6.53,13.0,165,361,781,
57,39.0,8801.86,1,4.43,10.0,119,250,59,
729,58.0,9703.93,0,5.16,11.0,370,780,314,
815,49.0,11177.08,0,4.44,12.0,193,563,619,
894,41.0,8560.76,1,3.99,12.0,792,670,513,
633,35.0,15571.26,0,6.45,9.0,500,457,595,
182,39.0,10268.87,1,3.68,6.0,319,278,90,
772,44.0,12328.03,1,4.6,9.0,71,761,836,
699,52.0,9782.83,0,3.96,7.0,531,293,65,
730,29.0,9378.24,0,4.93,8.0,806,656,826,
157,37.0,10314.67,1,5.86,8.0,869,686,162,
506,30.0,8403.78,1,4.13,7.0,49,24,780,
371,46.0,5570.45,0,2.23,7.0,535,551,515,
243,43.0,8042.76,0,4.95,8.0,39,0,49,
696,44.0,10309.15,1,6.35,9.0,3,570,197,
292,35.0,12357.31,0,5.03,10.0,722,562,810,
771,47.0,11306.1,0,6.01,7.0,52,728,382,
160,32.0,13630.93,0,4.38,10.0,655,207,772,
568,36.0,12284.58,1,5.7,9.0,828,154,820,
586,39.0,8930.49,1,5.71,10.0,750,288,432,
199,43.0,10578.14,0,1.87,10.0,224,853,543,
268,45.0,10364.82,0,5.93,5.0,879,433,349,
707,33.0,7750.54,1,4.57,8.0,547,801,656,
616,48.0,10963.5,1,5.89,9.0,206,325,268,
376,32.0,12547.91,0,7.78,10.0,504,131,817,
100,41.0,14069.41,1,1.62,10.0,421,855,238,
890,44.0,9723.71,0,4.34,9.0,544,403,743,
885,43.0,6298.75,1,4.51,9.0,779,214,83,
88,35.0,12107.03,0,5.82,9.0,450,818,244,
871,43.0,11674.12,0,2.88,8.0,567,652,806,
883,56.0,12502.81,0,5.47,8.0,145,118,605,
12,29.0,9617.59,0,5.49,8.0,586,746,496,
407,36.0,13472.79,1,4.77,8.0,13,817,864,
462,49.0,9805.7,0,4.86,9.0,460,613,317,
562,31.0,11743.24,0,5.3,6.0,397,173,436,
792,30.0,12788.37,0,4.31,10.0,320,850,223,
640,40.0,5218.49,0,3.8,10.0,98,106,731,
341,44.0,10526.18,0,7.67,9.0,323,69,758,
375,43.0,8583.5,1,4.39,10.0,727,94,419,
784,39.0,11008.0,0,4.42,8.0,189,368,646,
889,42.0,9625.89,1,5.84,9.0,670,439,504,
347,46.0,11119.11,1,3.51,14.0,263,85,762,
109,46.0,9982.55,1,4.75,7.0,297,626,643,
388,39.0,11159.46,0,3.95,11.0,415,128,353,
326,36.0,12668.26,0,4.54,12.0,137,763,469,
744,38.0,9087.9,0,2.7,10.0,767,260,492,
721,41.0,9091.21,0,4.55,11.0,168,247,641,
108,44.0,8755.02,1,5.71,8.0,400,351,614,
546,37.0,6362.93,1,6.8,7.0,142,478,867,
614,48.0,13189.35,0,3.25,7.0,7,4,632,
756,47.0,10584.71,0,6.05,8.0,34,499,383,
69,49.0,9853.64,1,6.95,6.0,508,213,81,
11,36.0,10448.09,0,4.13,8.0,857,844,208,
45,42.0,11473.38,1,2.87,10.0,776,254,67,
290,39.0,8986.28,0,4.36,8.0,185,556,447,
172,33.0,13314.19,0,5.45,9.0,106,269,328,
139,41.0,9918.77,0,4.02,10.0,849,873,63,
393,45.0,12783.21,1,4.47,10.0,825,27,729,
391,46.0,7026.18,0,6.3,8.0,516,7,114,
549,48.0,9706.88,0,6.45,8.0,68,35,146,
380,42.0,10236.95,1,5.71,8.0,650,381,253,
317,33.0,13157.08,1,5.04,10.0,64,359,541,
711,44.0,8588.46,1,7.77,8.0,537,95,681,
111,48.0,7778.73,1,4.18,8.0,575,795,480,
716,42.0,10268.0,0,5.33,6.0,154,512,771,
677,34.0,9845.35,0,4.82,7.0,262,774,572,
816,37.0,11912.13,0,5.67,10.0,447,460,610,
13,33.0,12115.91,1,5.5,9.0,413,876,465,
427,35.0,10801.37,1,5.64,11.0,747,97,3,
252,53.0,13173.82,0,5.26,7.0,166,437,807,
161,49.0,9940.76,0,5.72,11.0,70,385,521,
485,46.0,12261.79,1,3.72,10.0,365,425,746,
190,47.0,12987.28,0,5.86,10.0,148,831,589,
163,51.0,4523.91,0,3.98,8.0,590,427,30,
122,41.0,6172.23,0,4.28,8.0,645,84,350,
594,49.0,6283.67,0,6.35,11.0,105,727,483,
131,48.0,7232.06,1,4.9,6.0,343,540,659,
280,35.0,6683.82,1,7.82,7.0,791,148,512,
369,39.0,9408.96,1,3.83,4.0,491,645,276,
892,47.0,8291.93,0,4.47,7.0,534,492,677,
849,41.0,10017.82,0,6.0,8.0,559,228,335,
526,38.0,7320.49,0,1.58,10.0,195,394,418,
245,43.0,8817.29,0,3.19,8.0,393,190,324,
726,36.0,8948.86,0,7.37,10.0,433,310,113,
504,45.0,3689.95,1,5.01,11.0,735,315,214,
303,52.0,8185.22,1,5.76,8.0,887,675,814,
365,43.0,9347.89,1,4.17,8.0,271,595,624,
204,42.0,12888.85,1,4.79,8.0,377,9,787,
319,41.0,5387.41,1,4.17,8.0,598,194,80,
717,38.0,7605.49,0,6.99,10.0,685,22,450,
644,45.0,8480.93,0,4.57,9.0,307,480,609,
221,29.0,11274.46,1,4.43,8.0,688,588,174,
276,43.0,13116.73,0,3.57,9.0,35,838,528,
632,32.0,7896.65,0,7.12,8.0,816,388,332,
887,36.0,12086.92,1,5.52,6.0,210,813,831,
264,42.0,10500.77,0,5.68,6.0,616,755,248,
882,38.0,7673.0,1,7.42,7.0,16,347,673,
342,42.0,14242.7,0,5.79,10.0,305,398,20,
440,40.0,6590.63,1,4.52,7.0,521,243,427,
294,37.0,15070.32,0,6.91,6.0,834,64,254,
624,37.0,13717.41,1,6.5,7.0,689,240,236,
183,41.0,9219.95,1,5.21,10.0,809,620,720,
609,65.0,10430.5,0,6.5,6.0,593,291,53,
764,45.0,5200.06,1,6.33,8.0,695,323,667,
854,43.0,11197.42,1,3.48,9.0,295,273,316,
478,45.0,13650.64,0,4.96,8.0,380,142,514,
840,42.0,7351.72,0,5.26,9.0,811,60,145,
597,33.0,10306.21,1,6.36,9.0,503,54,723,
228,37.0,10147.22,0,6.63,8.0,711,219,320,
225,48.0,10528.71,0,5.0,9.0,155,135,281,
192,41.0,10054.6,1,4.93,6.0,788,810,749,
119,45.0,8595.24,0,6.4,10.0,569,126,584,
539,45.0,6681.61,1,5.6,8.0,401,143,824,
623,29.0,10203.18,1,5.82,8.0,656,248,300,
688,42.0,10427.12,0,6.64,10.0,463,405,674,
125,39.0,10388.38,0,5.1,7.0,623,897,736,
559,39.0,9353.38,0,4.06,7.0,671,899,724,
420,42.0,11756.06,0,4.88,8.0,719,318,472,
552,40.0,12295.95,1,5.69,11.0,355,718,799,
700,40.0,7819.46,1,4.77,9.0,712,19,754,
857,34.0,10674.92,1,3.09,9.0,65,869,851,
761,37.0,10989.43,0,6.62,10.0,624,451,733,
0,46.0,7504.79,0,5.98,8.0,130,316,337,
91,46.0,9306.05,0,5.35,7.0,833,123,708,
337,37.0,11523.63,1,3.56,7.0,738,15,734,
153,44.0,9613.84,1,4.38,8.0,705,807,566,
608,48.0,13298.38,0,2.99,8.0,827,692,719,
27,37.0,8614.75,0,5.03,9.0,468,634,402,
38,45.0,9951.97,1,4.4,6.0,784,11,581,
820,46.0,11343.33,1,3.69,8.0,561,186,365,
834,38.0,10026.44,1,6.85,9.0,658,415,262,
472,38.0,8473.65,1,4.78,7.0,432,740,257,
879,42.0,12989.06,0,5.0,10.0,372,804,420,
86,38.0,12893.47,1,5.69,5.0,571,264,484,
234,34.0,7324.32,0,6.69,10.0,751,602,2,
33,40.0,8530.23,1,3.66,10.0,517,231,442,
565,46.0,10675.86,0,3.33,7.0,749,760,342,
444,43.0,10300.24,0,6.44,8.0,231,189,628,
709,41.0,10921.54,0,5.07,3.0,807,259,676,
781,42.0,10527.52,1,8.42,8.0,197,627,271,
742,44.0,8338.05,0,6.57,11.0,202,739,158,
73,36.0,9593.71,0,3.98,6.0,286,683,461,
61,46.0,11537.69,1,6.37,7.0,437,72,409,
713,35.0,12936.64,1,3.73,6.0,411,488,9,
246,40.0,8815.24,0,5.63,9.0,570,90,471,
118,42.0,12300.94,1,6.89,10.0,136,709,678,
855,35.0,11830.36,1,4.41,6.0,84,179,561,
778,36.0,14715.53,1,5.73,9.0,669,785,68,
99,44.0,9214.98,1,6.44,7.0,850,358,70,
737,49.0,8092.13,0,6.32,5.0,494,17,697,
736,41.0,12008.34,1,4.94,7.0,350,331,77,
384,38.0,11803.58,1,6.97,6.0,829,420,744,
805,37.0,13498.28,1,7.06,9.0,177,666,740,
250,46.0,9601.95,0,5.9,9.0,475,272,661,
604,54.0,13184.51,0,6.04,8.0,596,411,560,
706,36.0,4690.57,1,5.41,8.0,515,164,670,
287,37.0,11416.56,0,6.06,6.0,32,137,766,
378,56.0,9940.54,1,6.57,7.0,682,209,774,
886,35.0,13680.25,1,5.79,9.0,493,314,842,
68,29.0,5900.78,1,5.56,8.0,157,528,401,
758,36.0,10339.05,1,6.88,7.0,412,88,173,
727,46.0,11538.57,1,7.93,10.0,785,768,172,
313,43.0,7178.92,1,5.32,8.0,187,507,655,
464,51.0,8840.51,0,2.7,7.0,557,857,60,
423,47.0,14154.26,0,4.73,9.0,555,819,111,
239,42.0,10583.76,0,6.51,9.0,66,775,571,
826,46.0,11401.63,0,6.13,5.0,710,852,138,
732,41.0,7495.6,1,6.57,8.0,345,116,192,
399,36.0,8878.96,1,4.66,9.0,870,372,212,
551,37.0,11111.59,1,6.0,7.0,643,729,97,
327,42.0,8519.64,0,3.99,8.0,17,542,120,
746,44.0,12361.42,1,3.7,10.0,743,803,835,
63,41.0,9014.9,1,4.45,7.0,430,733,422,
843,42.0,6081.5,0,3.73,8.0,456,586,563,
866,43.0,10944.65,1,2.62,9.0,404,657,129,
844,40.0,11764.35,1,5.54,9.0,79,671,435,
72,44.0,12155.91,1,4.11,5.0,314,554,115,
114,41.0,11971.75,1,5.38,7.0,444,102,721,
631,41.0,14080.95,1,4.61,7.0,797,865,747,
830,41.0,6204.86,1,6.08,8.0,862,169,354,
402,39.0,4994.48,0,5.02,8.0,875,25,523,
349,36.0,11047.43,0,5.98,8.0,33,326,860,
467,40.0,12925.64,0,4.04,7.0,594,530,242,
580,36.0,8233.25,1,4.35,7.0,632,685,535,
579,39.0,9282.33,0,4.52,11.0,291,710,56,
832,46.0,13383.25,1,5.27,9.0,381,414,87,
469,40.0,8911.91,0,6.99,10.0,744,537,364,
673,41.0,8783.13,1,6.2,7.0,330,20,347,
418,35.0,12654.35,0,1.66,7.0,495,708,282,
186,40.0,6773.23,1,4.29,11.0,89,268,310,
629,31.0,9574.89,0,7.34,8.0,275,672,17,
113,45.0,9722.92,1,3.35,8.0,2,67,7,
71,41.0,9516.87,0,4.94,7.0,230,442,32,
810,38.0,6638.87,1,5.61,8.0,715,341,708,
648,30.0,10960.52,1,5.96,9.0,115,621,696,
846,52.0,11093.87,0,4.38,5.0,883,534,726,
255,51.0,10323.07,1,7.03,9.0,662,89,870,
210,43.0,15858.91,1,4.51,8.0,246,660,15,
453,40.0,11309.18,0,4.91,7.0,245,140,642,
143,32.0,12142.99,0,5.01,7.0,619,597,438,
28,44.0,10965.95,1,4.11,8.0,545,770,195,
103,51.0,10877.81,1,8.35,8.0,43,57,399,
135,38.0,7491.55,0,5.66,12.0,803,261,211,
355,47.0,9324.49,1,4.91,6.0,180,526,850,
468,45.0,9034.21,0,6.89,9.0,467,655,377,
587,54.0,11856.28,0,6.19,8.0,686,834,19,
426,41.0,9191.02,1,5.89,9.0,613,263,339,
720,41.0,10617.16,0,6.26,8.0,38,744,750,
140,49.0,11321.2,0,4.89,10.0,23,149,715,
510,41.0,15516.52,0,3.53,10.0,836,884,856,
780,52.0,5647.92,0,5.08,8.0,285,714,606,
523,30.0,8677.28,1,7.31,7.0,88,608,830,
494,43.0,15423.03,1,2.41,7.0,132,349,251,
457,38.0,8097.01,0,4.32,7.0,502,519,497,
853,47.0,9148.74,1,6.38,8.0,525,678,546,
49,45.0,12374.97,0,4.66,7.0,505,635,75,
661,36.0,8646.72,0,6.33,8.0,128,522,770,
269,53.0,10338.09,1,5.07,7.0,124,756,737,
438,38.0,13019.89,1,6.65,8.0,438,55,540,
34,41.0,13743.42,0,3.92,9.0,337,475,526,
310,39.0,8646.2,0,2.94,9.0,410,504,553,
382,42.0,6523.74,0,2.71,8.0,611,577,591,
436,56.0,8626.48,1,5.07,7.0,466,493,373,
789,41.0,5191.08,0,6.29,7.0,897,18,280,
358,38.0,7097.52,1,4.68,6.0,315,734,841,
293,41.0,13277.82,0,4.84,9.0,279,353,434,
471,53.0,3263.0,1,2.77,9.0,646,295,311,
401,52.0,14669.61,0,6.28,9.0,558,319,857,
710,47.0,13359.2,1,4.55,8.0,874,3,15,
84,43.0,12078.39,1,6.06,6.0,739,628,191,
708,48.0,8513.75,1,8.24,10.0,342,647,92,
354,38.0,9557.2,0,4.47,8.0,107,723,12,
731,44.0,6517.22,0,4.55,12.0,387,294,160,
158,40.0,4762.81,1,5.12,10.0,209,432,250,
173,45.0,6452.83,1,4.41,6.0,556,815,338,
191,31.0,8688.21,0,3.58,7.0,152,395,371,
501,32.0,12254.75,1,5.32,9.0,701,212,621,
231,39.0,5914.3,1,2.3,9.0,215,704,6,
335,45.0,11486.53,1,5.5,7.0,347,51,554,
361,51.0,6114.85,1,4.7,9.0,644,350,341,
525,52.0,11828.78,0,5.95,10.0,638,883,230,
214,35.0,10166.67,0,4.65,10.0,340,811,330,
43,43.0,12691.45,0,4.45,11.0,732,724,387,
571,45.0,9903.78,1,5.31,9.0,301,745,157,
439,46.0,10363.63,0,5.84,10.0,877,867,788,
346,35.0,8475.8,0,3.37,11.0,635,181,757,
806,39.0,13091.92,1,4.74,9.0,660,661,536,
824,37.0,13036.52,1,3.83,6.0,281,604,728,
44,40.0,9521.35,0,5.8,9.0,268,606,47,
786,37.0,5039.46,0,4.08,8.0,153,2,532,
78,51.0,13762.79,0,7.52,9.0,76,726,448,
578,46.0,8941.92,1,5.43,9.0,358,150,165,
466,32.0,12479.72,0,4.67,8.0,777,334,229,
676,41.0,9139.73,1,5.15,10.0,479,38,55,
197,46.0,10406.58,0,7.24,11.0,818,738,308,
630,44.0,11768.65,0,5.54,7.0,21,476,105,
498,46.0,14664.0,0,6.54,8.0,563,308,263,
368,46.0,8418.81,1,7.19,6.0,734,711,196,
168,34.0,6461.86,1,4.61,8.0,253,706,683,
558,39.0,14317.2,0,5.03,7.0,746,317,188,
348,42.0,4492.44,1,6.43,9.0,577,141,356,
532,29.0,13240.01,1,4.58,6.0,551,436,255,
787,35.0,7814.68,1,5.99,9.0,633,633,417,
647,35.0,11255.38,0,6.28,4.0,122,83,593,
600,49.0,13165.68,0,5.49,9.0,364,237,759,
257,37.0,12713.9,0,9.15,8.0,344,845,8,
763,40.0,11527.08,1,5.04,8.0,176,848,132,
460,54.0,8375.73,1,4.42,7.0,170,413,516,
500,41.0,11968.78,0,5.08,6.0,431,424,732,
271,48.0,7761.2,0,7.02,9.0,436,854,688,
302,32.0,6367.22,1,2.84,10.0,759,643,71,
240,44.0,7599.36,1,6.41,6.0,194,377,703,
536,40.0,7642.2,0,5.04,9.0,172,719,134,
67,38.0,11621.67,1,6.11,9.0,620,14,846,
621,47.0,9365.92,1,4.37,5.0,614,400,711,
211,29.0,12711.15,0,5.74,7.0,476,281,795,
3,55.0,8243.28,0,3.54,6.0,657,271,550,
162,51.0,10269.97,1,4.85,8.0,144,356,124,
723,38.0,13366.66,1,5.64,7.0,229,538,608,
606,40.0,12401.58,1,5.75,9.0,647,881,639,
56,43.0,8950.33,0,6.76,9.0,234,741,313,
267,41.0,10806.13,1,4.0,6.0,361,777,518,
774,38.0,7713.12,1,5.41,9.0,841,800,851,
24,40.0,12455.75,1,6.64,9.0,353,302,291,
205,33.0,7492.9,0,6.71,7.0,332,188,463,
51,43.0,12068.39,1,3.59,7.0,214,483,833,
142,40.0,7837.67,1,5.66,11.0,300,782,22,
664,45.0,9721.59,0,3.43,9.0,58,446,555,
582,41.0,10028.23,1,5.52,9.0,178,448,161,
653,34.0,10466.56,0,5.34,7.0,891,276,266,
281,36.0,12879.7,0,4.7,9.0,622,336,155,
605,49.0,13078.28,1,4.06,8.0,203,474,125,
213,49.0,11584.59,1,4.84,6.0,394,61,306,
19,45.0,9874.69,1,2.41,9.0,74,502,267,
392,48.0,11585.16,0,4.61,9.0,522,874,288,
818,39.0,10643.67,0,5.54,10.0,794,868,44,
745,34.0,12397.49,0,4.93,9.0,839,736,294,
694,40.0,10780.71,1,5.33,9.0,853,731,552,
260,40.0,8801.13,0,7.52,6.0,865,650,154,
870,45.0,7325.93,1,6.0,6.0,299,73,206,
625,36.0,7342.14,0,5.51,8.0,815,5,685,
542,37.0,12154.25,1,5.15,6.0,798,771,180,
15,32.0,9472.72,1,1.0,10.0,288,58,712,
569,39.0,3676.68,1,3.52,9.0,236,798,256,
530,50.0,6857.29,0,4.69,6.0,713,70,278,
429,52.0,10133.36,0,4.6,7.0,678,611,475,
203,51.0,4992.6,0,3.85,8.0,840,558,533,
298,50.0,12941.12,1,5.51,11.0,799,371,607,
178,36.0,11040.16,0,4.52,8.0,383,695,430,
514,35.0,8058.73,0,6.88,9.0,847,327,570,
577,44.0,10638.65,0,5.54,6.0,395,202,858,
274,49.0,10226.43,0,6.02,8.0,680,515,284,
819,38.0,12020.62,0,4.41,8.0,110,397,265,
474,51.0,12780.22,0,6.06,7.0,786,617,100,
766,51.0,6662.59,1,5.27,9.0,329,191,74,
23,38.0,10298.29,1,5.07,9.0,796,382,48,
814,52.0,9065.28,0,3.99,5.0,348,536,431,
548,44.0,8817.22,1,6.53,10.0,324,332,33,
414,35.0,11391.46,1,7.59,10.0,507,354,731,
639,43.0,12531.39,0,3.97,6.0,602,431,466,
181,43.0,9200.69,1,2.6,11.0,574,10,379,
419,52.0,13368.21,1,4.09,9.0,101,134,694,
338,47.0,15878.11,1,2.05,8.0,539,312,626,
881,33.0,7720.61,1,4.97,10.0,530,725,537,
682,34.0,9270.9,0,6.19,7.0,129,33,449,
94,44.0,8274.32,0,5.7,8.0,873,159,668,
646,38.0,9347.47,0,8.47,8.0,8,651,228,
486,40.0,12453.72,1,4.83,9.0,86,330,559,
782,39.0,8644.07,1,4.48,8.0,863,365,562,
750,45.0,11575.84,0,5.51,9.0,549,598,820,
459,49.0,8268.74,1,5.21,8.0,270,46,636,
207,54.0,12147.83,1,4.17,8.0,606,129,623,
448,48.0,8093.03,1,4.26,8.0,888,112,366,
535,28.0,9090.43,1,5.74,10.0,704,99,176,
151,41.0,9552.57,0,3.81,8.0,763,684,861,
132,47.0,9004.44,0,3.79,8.0,771,410,819,
556,46.0,14361.38,0,4.52,8.0,238,225,531,
398,36.0,8972.54,0,5.23,8.0,306,41,272,
583,44.0,11611.28,0,5.8,11.0,182,408,727,
138,43.0,9399.92,1,4.98,8.0,723,113,186,
311,37.0,7982.38,1,4.29,8.0,269,26,520,
430,36.0,6930.95,0,5.19,7.0,610,205,315,
479,38.0,11667.01,0,3.8,8.0,817,573,508,
484,31.0,5387.75,0,6.83,9.0,199,178,519,
593,33.0,10709.39,1,5.22,6.0,11,91,215,
566,41.0,11623.42,1,4.18,9.0,351,404,1,
666,53.0,9683.85,0,5.89,8.0,75,580,710,
831,44.0,8819.13,1,4.38,10.0,391,236,102,
425,44.0,7736.13,1,4.48,8.0,612,180,199,
823,45.0,7158.66,1,6.25,7.0,60,830,798,
331,50.0,9248.87,0,4.56,9.0,668,716,372,
615,40.0,11916.26,0,4.51,7.0,760,249,700,
509,50.0,9641.61,0,3.09,5.0,398,357,416,
4,36.0,12309.23,1,4.76,9.0,520,858,699,
42,40.0,11362.95,0,4.37,11.0,420,196,587,
434,56.0,10074.4,1,5.17,7.0,336,864,202,
491,40.0,10762.29,0,5.02,7.0,766,40,296,
638,30.0,8874.83,0,5.56,9.0,87,676,18,
322,51.0,5830.99,0,6.93,6.0,488,812,110,
229,35.0,8297.87,0,5.42,8.0,346,557,117,
176,33.0,5738.82,0,7.66,7.0,720,345,464,
424,41.0,11655.82,1,7.92,9.0,149,407,150,
165,47.0,7362.18,0,6.57,7.0,562,229,687,
654,43.0,10938.11,0,3.21,8.0,9,193,91,
693,36.0,8514.8,1,4.01,11.0,414,654,237,
747,34.0,8772.26,0,5.78,9.0,674,748,396,
740,40.0,7656.02,1,5.62,9.0,513,796,378,
336,41.0,10375.39,0,5.54,8.0,150,837,61,
345,46.0,7684.02,1,6.24,8.0,458,386,631,
77,52.0,6805.48,1,6.05,9.0,396,299,94,
52,30.0,6744.87,0,5.14,9.0,690,246,529,
37,31.0,10058.87,1,6.54,7.0,442,687,423,
829,40.0,9133.36,0,4.21,7.0,761,789,777,
256,46.0,11580.56,1,3.43,9.0,697,256,321,
767,41.0,10631.84,1,3.47,9.0,217,374,765,
618,32.0,10716.75,0,5.12,8.0,83,441,52,
59,41.0,10919.81,0,4.63,8.0,600,217,871,
724,48.0,10241.32,1,7.25,7.0,737,417,835,
405,46.0,9171.56,1,5.02,8.0,497,679,538,
626,40.0,7675.52,1,4.31,11.0,540,506,569,
662,36.0,13308.01,0,5.07,8.0,272,677,258,
794,37.0,7961.21,0,2.91,9.0,703,693,153,
22,32.0,12403.6,0,4.99,7.0,225,390,346,
209,46.0,10814.59,0,4.91,8.0,389,609,168,
403,31.0,8829.83,1,4.52,8.0,12,484,360,
675,52.0,7170.66,1,4.53,7.0,698,48,233,
544,47.0,10332.16,1,4.89,9.0,876,238,185,
877,41.0,14722.35,0,6.98,6.0,462,658,805,
247,39.0,13532.85,1,5.63,9.0,428,59,304,
195,41.0,7683.97,1,6.17,7.0,147,77,556,
760,47.0,6398.91,1,5.0,8.0,585,749,163,
573,37.0,14595.51,1,3.83,12.0,102,603,343,
262,48.0,6783.99,1,3.89,8.0,526,68,380,
145,35.0,8190.27,0,6.28,7.0,519,862,725,
705,45.0,9317.12,1,6.93,6.0,651,594,445,
253,40.0,10370.72,1,4.35,5.0,855,379,630,
835,42.0,12277.9,1,5.1,8.0,273,86,166,
2,55.0,10056.55,0,4.98,8.0,72,52,179,
752,35.0,12398.62,1,5.6,9.0,893,30,293,
684,40.0,10290.14,0,4.6,10.0,642,434,226,
518,49.0,9957.26,0,4.76,7.0,321,74,170,
450,35.0,13480.91,1,4.41,7.0,233,550,16,
754,39.0,11670.73,0,6.45,8.0,48,629,836,
417,31.0,7073.61,0,5.73,9.0,434,786,633,
174,45.0,9852.25,1,4.55,8.0,316,338,629,
374,40.0,6402.3,0,4.28,7.0,789,705,479,
783,48.0,9282.99,0,4.32,6.0,808,153,69,
678,37.0,8884.39,0,6.16,7.0,844,742,374,
299,46.0,13296.89,1,4.81,6.0,485,508,847,
441,35.0,7361.92,1,4.97,9.0,684,843,245,
718,54.0,8092.55,1,4.55,10.0,604,6,204,
397,39.0,9528.99,0,5.97,8.0,352,393,78,
893,53.0,8122.34,0,3.51,9.0,313,569,703,
412,41.0,14738.09,1,6.5,8.0,227,463,748,
581,34.0,11687.29,0,4.54,7.0,648,547,217,
612,43.0,7948.18,0,3.88,7.0,30,697,510,
483,42.0,7915.44,1,6.17,8.0,625,887,836,
873,40.0,10180.59,1,6.5,10.0,553,470,397,
722,44.0,8748.36,1,6.32,10.0,813,348,96,
233,41.0,8021.05,1,3.16,9.0,885,877,849,
836,44.0,10445.76,0,7.02,8.0,736,659,679,
872,34.0,9919.38,0,4.43,8.0,805,216,289,
272,39.0,10741.9,0,5.48,8.0,592,541,837,
227,40.0,7380.48,1,6.45,7.0,151,891,319,
603,45.0,9649.26,1,3.77,9.0,861,136,386,
595,42.0,9349.99,1,4.38,7.0,501,860,352,
642,46.0,12849.1,0,4.97,8.0,721,438,695,
283,38.0,10770.82,0,4.99,10.0,868,642,107,
809,35.0,8828.59,0,6.77,9.0,239,518,121,
572,48.0,9921.89,0,3.73,9.0,637,498,128,
628,45.0,6977.56,0,6.94,11.0,113,115,657,
370,44.0,8580.85,0,5.52,10.0,472,482,178,
46,46.0,10469.5,0,6.54,10.0,451,599,37,
801,55.0,8907.17,1,7.6,11.0,837,673,376,
87,46.0,10050.61,0,4.99,7.0,338,544,79,
602,38.0,10522.6,1,5.46,10.0,191,401,482,
411,34.0,9265.59,0,5.77,8.0,617,477,600,
277,40.0,10930.16,1,6.63,7.0,702,435,240,
848,45.0,10668.91,0,7.21,8.0,487,199,305,
278,47.0,11335.97,0,6.84,6.0,707,56,194,
98,41.0,12247.91,0,5.08,9.0,51,847,706,
861,47.0,9303.43,0,5.5,8.0,382,826,393,
92,38.0,9826.29,0,4.93,8.0,356,406,285,
189,37.0,10565.59,0,4.76,10.0,10,473,588,
201,44.0,9855.18,0,6.94,7.0,464,443,187,
136,51.0,7810.06,0,5.99,9.0,552,576,249,
596,39.0,11144.51,0,4.25,9.0,207,461,142,
833,36.0,8931.09,1,7.55,7.0,78,822,834,
167,50.0,8929.88,0,5.63,7.0,533,553,775,
739,35.0,9435.2,1,6.23,7.0,31,564,791,
244,40.0,11553.65,1,4.43,6.0,482,242,424,
876,60.0,9621.04,1,7.65,8.0,591,784,756,
561,43.0,11401.42,0,3.63,10.0,728,568,190,
533,43.0,10491.4,1,4.23,8.0,730,560,853,
859,44.0,10585.86,0,5.54,8.0,25,764,682,
865,52.0,10697.72,0,8.35,8.0,607,66,189,
490,37.0,11430.75,0,5.99,10.0,758,574,283,
492,48.0,8465.53,1,4.98,9.0,248,808,544,
775,35.0,7759.15,1,6.06,10.0,626,663,549,
785,42.0,13081.64,0,4.66,9.0,538,715,183,
329,33.0,4711.89,0,4.97,7.0,325,130,793,
447,36.0,12252.57,0,5.13,8.0,672,151,660,
117,39.0,13029.61,1,4.83,8.0,822,328,663,
146,43.0,10746.69,0,8.62,9.0,483,561,503,
265,45.0,8665.79,0,5.09,9.0,247,132,144,
475,34.0,5447.16,1,4.13,9.0,661,392,351,
206,37.0,9772.95,1,3.81,8.0,615,632,794,
297,41.0,7464.08,0,3.74,8.0,208,700,502,
305,39.0,6168.66,1,4.71,8.0,1,842,326,
660,34.0,12567.53,0,3.36,11.0,290,418,201,
270,55.0,8280.03,0,6.33,5.0,628,849,27,
325,36.0,11274.98,0,4.12,10.0,778,203,470,
634,42.0,9635.87,1,2.43,9.0,649,71,148,
177,48.0,13743.12,1,4.83,7.0,864,297,800,
80,45.0,8871.53,0,3.76,8.0,116,161,363,
90,37.0,8818.03,1,2.89,9.0,694,814,848,
827,37.0,9788.78,0,5.24,7.0,589,832,454,
508,34.0,6131.92,0,4.17,9.0,583,105,104,
793,40.0,12043.27,1,5.04,7.0,584,389,779,
53,40.0,12919.92,0,4.23,11.0,335,593,617,
218,38.0,10367.14,0,5.92,9.0,673,380,825,
659,44.0,9063.16,1,4.76,8.0,573,690,603,
366,40.0,10606.97,1,4.11,10.0,595,204,331,
315,42.0,8558.52,0,5.36,7.0,304,82,312,
356,43.0,11375.25,1,5.09,9.0,603,516,169,
755,48.0,8514.24,0,4.61,9.0,158,548,264,
610,39.0,12019.93,0,4.87,10.0,418,583,735,
320,38.0,9419.66,1,5.24,9.0,27,691,274,
187,33.0,10309.71,1,2.96,7.0,667,712,135,
465,47.0,10313.06,0,5.44,8.0,427,396,477,
643,34.0,13460.92,1,3.67,7.0,131,429,290,
690,54.0,10216.59,0,2.77,7.0,196,698,840,
757,37.0,12766.24,0,3.72,9.0,399,107,868,
58,38.0,11360.99,0,4.5,7.0,243,274,506,
685,47.0,9166.22,0,3.51,9.0,775,170,598,
601,41.0,8996.04,1,6.19,9.0,455,694,524,
584,55.0,9743.57,0,5.89,8.0,311,497,473,
16,43.0,7686.13,1,7.17,8.0,882,591,398,
617,29.0,13255.05,1,4.89,8.0,843,751,277,
825,48.0,8403.02,0,3.61,11.0,854,63,66,
400,43.0,7277.27,1,5.98,8.0,733,416,51,
97,32.0,8575.71,0,4.26,9.0,97,880,576,
613,46.0,9844.79,0,3.57,11.0,354,521,597,
381,42.0,7529.23,1,5.86,7.0,14,732,773,
155,46.0,4111.4,0,3.93,8.0,366,612,57,
39,45.0,8389.84,1,6.81,5.0,318,399,575,
554,40.0,7864.63,0,4.56,9.0,249,208,849,
133,39.0,8677.62,0,5.2,7.0,114,167,500,
308,25.0,9672.03,0,5.49,8.0,0,893,137,
449,33.0,11370.28,1,4.4,6.0,371,464,585,
495,44.0,13915.9,0,4.61,9.0,216,503,103,
822,35.0,10999.05,0,4.76,10.0,277,667,495,
776,39.0,7636.98,0,5.56,9.0,587,587,634,
75,38.0,9461.83,0,4.9,10.0,550,146,413,
497,38.0,100.0,0,5.27,5.0,85,127,745,
808,53.0,9655.25,0,4.44,10.0,90,258,548,
95,45.0,15188.65,0,6.17,8.0,408,227,616,
567,49.0,14124.0,1,3.02,10.0,752,454,649,
286,44.0,14155.97,1,6.99,8.0,46,133,812,
777,37.0,11294.26,0,4.95,10.0,171,829,73,
18,43.0,14241.75,0,3.73,12.0,56,821,647,
671,43.0,11334.3,0,3.47,9.0,666,479,301,
874,34.0,7818.13,0,6.11,8.0,19,279,487,
301,47.0,11520.18,1,5.07,9.0,748,582,21,
803,47.0,7996.78,1,5.45,8.0,312,23,557,
860,27.0,8628.8,1,5.3,7.0,858,220,415,
529,39.0,10292.19,0,4.99,8.0,823,165,650,
652,32.0,11540.86,0,3.0,7.0,267,244,872,
545,40.0,7490.92,0,4.75,5.0,629,284,303,
306,39.0,4316.73,1,4.79,9.0,47,546,602,
300,41.0,11738.88,0,7.27,9.0,308,320,243,
141,38.0,15509.97,0,4.65,8.0,55,472,764,
60,52.0,12010.74,0,5.09,8.0,369,662,498,
470,43.0,5907.07,0,5.89,8.0,443,765,361,
332,39.0,10510.95,0,2.87,9.0,310,266,651,
406,43.0,8914.46,0,6.49,7.0,219,571,714,
121,38.0,5353.97,0,6.25,9.0,512,681,389,
592,36.0,12495.15,0,4.86,9.0,867,428,405,
692,45.0,13118.56,0,4.89,7.0,390,195,654,
564,39.0,5846.65,1,6.65,9.0,121,409,15,
524,37.0,7239.49,1,5.01,9.0,601,419,652,
149,36.0,14003.88,1,3.54,6.0,120,47,675,
363,43.0,9891.3,0,5.75,11.0,783,176,38,
170,39.0,9655.42,1,5.5,8.0,484,233,852,
714,49.0,7904.67,0,5.58,6.0,258,799,441,
171,43.0,10598.35,1,6.72,8.0,5,816,604,
394,31.0,10182.6,1,3.77,8.0,566,32,415,
517,41.0,11316.69,0,6.23,10.0,126,222,131,
410,43.0,6065.64,1,4.86,7.0,439,552,336,
878,41.0,8907.76,0,6.99,7.0,880,649,666,
21,45.0,9773.22,1,3.79,10.0,303,160,440,
891,32.0,9036.27,0,7.14,11.0,406,871,542,
862,50.0,8193.77,0,5.13,8.0,492,223,31,
534,30.0,10183.98,1,5.14,9.0,278,78,718,
6,44.0,9815.03,1,4.9,9.0,866,333,716,
741,43.0,6098.15,0,3.74,8.0,677,444,322,
563,45.0,13100.75,1,7.79,10.0,388,37,151,
575,40.0,10638.66,0,4.35,10.0,242,758,333,
350,52.0,9519.64,0,5.61,8.0,826,872,802,
550,50.0,10358.08,0,5.41,8.0,718,585,171,
715,46.0,7638.13,1,4.91,9.0,118,653,635,
515,42.0,10807.46,1,6.74,7.0,163,529,205,
237,37.0,11945.5,1,5.37,8.0,205,200,815,
477,48.0,13597.5,0,6.45,8.0,605,423,637,
505,47.0,7364.12,1,3.65,9.0,510,615,10,
540,42.0,8934.99,1,6.21,8.0,424,375,390,
323,34.0,13672.54,0,6.05,6.0,851,337,596,
159,44.0,9446.84,0,4.59,10.0,261,773,297,
680,36.0,11082.13,0,4.84,9.0,527,545,109,
695,38.0,10005.91,1,5.44,9.0,289,171,82,
798,38.0,11227.39,1,5.71,9.0,454,469,782,
553,34.0,13574.25,0,5.2,9.0,362,886,41,
273,46.0,7876.84,1,6.41,10.0,765,453,803,
589,39.0,10413.93,0,3.75,11.0,322,753,790,
641,36.0,11079.61,1,4.12,9.0,486,184,11,
222,36.0,12192.94,1,6.46,9.0,770,566,425,
104,47.0,9101.71,0,4.11,6.0,627,859,28,
188,38.0,12978.81,0,7.94,7.0,471,879,751,
307,43.0,8007.18,1,5.45,8.0,293,329,126,
875,43.0,6471.68,0,4.93,9.0,232,575,86,
134,33.0,14160.05,1,4.61,7.0,824,245,451,
126,39.0,11490.75,0,4.93,8.0,755,623,691,
344,40.0,11338.94,0,6.23,7.0,146,680,579,
124,28.0,11245.38,0,6.72,8.0,898,346,862,
645,40.0,13987.59,1,5.58,7.0,846,253,15,
47,48.0,12810.16,0,2.21,10.0,780,616,164,
20,45.0,10976.03,0,4.5,10.0,714,703,709,
728,48.0,7737.57,1,4.19,9.0,302,138,854,
499,45.0,7748.34,0,4.2,8.0,256,376,381,
79,55.0,8270.52,1,5.15,8.0,681,624,527,
463,32.0,11715.72,0,4.73,9.0,357,646,547,
598,48.0,9219.4,1,5.91,6.0,474,39,869,
719,45.0,5347.74,1,5.62,10.0,716,309,252,
144,42.0,9261.41,0,3.92,9.0,309,622,119,
421,41.0,11789.33,0,4.61,9.0,54,500,46,
432,44.0,14023.22,1,3.49,10.0,801,641,414,
627,36.0,9993.5,0,6.6,6.0,679,527,486,
291,41.0,6535.91,0,4.83,11.0,676,781,481,
751,44.0,12835.19,1,5.44,7.0,790,267,586,
839,42.0,11654.34,0,5.06,10.0,125,452,136,
735,45.0,12200.96,1,4.7,6.0,123,192,26,
362,34.0,12813.91,0,2.41,7.0,6,98,64,
304,36.0,10345.19,1,4.84,10.0,860,589,122,
852,49.0,8232.11,0,6.84,8.0,36,122,457,
697,52.0,14838.84,0,5.12,8.0,373,255,822,
93,43.0,9541.45,0,6.05,8.0,251,778,286,
169,46.0,7424.11,0,4.83,9.0,94,221,259,
110,37.0,7062.59,1,4.56,9.0,184,362,385,
154,51.0,10776.82,0,5.1,5.0,103,532,344,
797,50.0,13247.31,0,3.48,6.0,405,535,98,
703,40.0,8610.43,1,5.08,7.0,708,762,395,
83,48.0,8863.36,0,6.35,7.0,212,505,279,
54,39.0,13574.53,1,5.69,10.0,692,79,501,
821,41.0,14216.37,1,1.81,8.0,636,290,468,
48,48.0,11555.21,1,4.45,8.0,156,486,855,
541,55.0,5720.98,1,6.63,8.0,581,121,493,
867,38.0,8370.15,0,8.6,5.0,274,235,452,
40,43.0,9060.28,1,4.95,6.0,422,720,392,
102,44.0,7193.84,0,6.22,7.0,890,283,34,
884,42.0,11225.96,0,5.89,7.0,609,851,307,
217,49.0,12893.19,0,5.13,7.0,292,458,24,
220,45.0,13896.99,0,4.26,8.0,339,239,93,
254,43.0,12378.57,1,4.04,8.0,143,543,239,
588,42.0,11768.71,1,6.24,7.0,133,517,29,
235,32.0,8011.38,0,5.35,10.0,652,735,801,
520,43.0,16955.76,0,7.04,8.0,174,277,123,
416,43.0,10530.33,1,4.14,7.0,675,590,761,
804,42.0,11783.81,1,5.27,7.0,419,366,644,
802,48.0,8824.84,1,5.93,7.0,664,34,118,
314,46.0,9737.34,1,5.17,8.0,782,835,140,
897,49.0,8131.64,1,7.1,7.0,459,324,198,
807,31.0,12264.68,1,5.88,8.0,663,421,786,
482,35.0,3825.7,0,4.28,8.0,45,787,739,
137,44.0,11597.38,0,3.45,7.0,53,713,785,
415,55.0,5977.46,1,5.02,7.0,379,630,375,
458,41.0,9608.45,0,5.81,7.0,255,75,582,
29,37.0,10348.37,1,7.65,6.0,37,145,821,
422,41.0,13135.26,1,5.27,9.0,693,757,706,
769,34.0,12760.01,0,3.87,8.0,108,459,116,
795,39.0,9848.4,1,6.73,10.0,452,172,40,
74,37.0,11517.19,1,8.34,11.0,317,313,459,
76,37.0,8316.89,0,3.6,8.0,731,689,58,
359,40.0,7762.73,1,4.66,10.0,241,43,839,
456,49.0,13510.96,1,6.39,9.0,82,378,690,
880,42.0,10442.37,0,5.58,5.0,40,509,54,
215,35.0,10550.87,1,5.72,9.0,385,232,707,
455,31.0,5304.6,0,5.29,9.0,218,36,808,
185,44.0,10157.21,0,6.14,7.0,44,625,778,
790,42.0,12975.35,1,4.47,7.0,80,430,545,
164,38.0,6574.25,0,6.18,9.0,264,301,216,
635,33.0,12638.51,1,5.01,8.0,63,737,818,
8,48.0,10746.37,1,4.22,8.0,15,743,25,
230,46.0,12873.63,1,5.73,7.0,91,637,433,
194,49.0,12681.35,0,3.68,5.0,699,471,813,
511,46.0,7730.53,1,5.3,8.0,257,177,106,
364,46.0,8603.6,0,6.44,9.0,523,514,35,
435,42.0,8218.63,0,5.9,9.0,190,211,753,
738,34.0,9401.99,1,8.25,9.0,543,87,446,
856,39.0,6127.84,0,4.22,9.0,473,339,768,
318,44.0,11794.91,0,6.32,6.0,588,360,370,
89,41.0,8143.38,1,2.64,5.0,260,31,231,
620,40.0,11873.76,1,6.5,8.0,480,747,485,
481,22.0,11254.38,1,4.96,8.0,542,257,509,
351,46.0,8951.42,0,4.13,8.0,283,495,437,
166,43.0,8662.18,1,7.31,8.0,384,305,318,
496,41.0,8427.12,0,4.37,6.0,511,841,130,
437,55.0,11555.42,0,4.86,10.0,95,885,573,
513,42.0,11670.32,0,5.51,7.0,696,890,5,
14,36.0,8918.52,0,3.62,8.0,881,168,403,
105,34.0,13976.64,0,5.16,8.0,435,80,42,
650,44.0,6498.85,0,6.34,9.0,211,42,522,
528,39.0,9303.36,0,4.19,10.0,579,730,789,
31,40.0,8083.76,0,4.76,7.0,280,440,411,
288,42.0,16371.42,1,3.84,10.0,753,187,829,
863,32.0,5756.12,0,5.9,8.0,536,306,640,
622,41.0,9574.64,1,3.72,7.0,872,108,298,
147,42.0,6623.97,0,5.4,8.0,820,270,4,
896,28.0,8670.98,0,3.99,6.0,96,707,391,
385,48.0,10399.19,1,5.07,11.0,769,806,355,
512,40.0,12542.76,1,5.03,8.0,895,668,410,
180,46.0,11832.86,1,6.01,8.0,188,682,462,
373,33.0,12249.96,0,2.96,8.0,725,109,36,
461,49.0,11695.04,1,5.64,9.0,164,103,698,
527,41.0,9000.05,0,5.59,6.0,639,412,219,
357,44.0,12400.33,1,5.18,3.0,140,846,701,
607,30.0,13473.35,0,3.84,10.0,426,839,664,
869,44.0,12227.39,0,6.46,7.0,331,520,722,
70,38.0,10788.67,0,4.98,7.0,42,241,184,
817,37.0,10076.71,0,6.5,7.0,578,791,797,
888,28.0,11204.23,0,3.67,11.0,568,8,340,
333,39.0,14425.74,0,5.91,6.0,296,754,261,
433,46.0,9988.68,1,5.44,8.0,762,792,577,
316,43.0,8261.89,0,7.36,9.0,213,155,558,
120,34.0,9779.12,0,5.89,9.0,328,226,784,
543,51.0,10328.42,1,5.12,7.0,793,101,108,
387,38.0,12913.55,1,4.73,7.0,175,721,834,
591,37.0,7189.31,0,6.87,10.0,835,344,14,
296,39.0,18026.01,1,3.82,9.0,845,384,684,
62,26.0,8939.61,0,4.54,7.0,159,201,84,
219,50.0,11294.45,1,2.17,10.0,621,234,426,
309,42.0,8271.02,0,4.24,9.0,640,447,359,
81,44.0,5002.58,0,4.57,11.0,326,285,384,
841,45.0,11187.93,1,4.95,9.0,812,618,638,
82,51.0,9764.39,1,6.03,8.0,709,605,13,
679,44.0,8917.57,0,4.28,6.0,57,863,489,
107,37.0,9499.3,1,6.81,8.0,772,303,443,
668,41.0,8502.52,0,6.0,10.0,167,467,295,
811,45.0,9576.07,1,7.01,8.0,134,766,334,
242,47.0,9451.03,0,5.11,10.0,50,825,612,
655,48.0,9722.23,1,5.98,6.0,653,322,309,
409,49.0,11227.48,0,5.1,9.0,477,117,45,
585,47.0,10718.97,0,5.74,7.0,700,513,517,
241,40.0,11799.72,0,3.0,8.0,884,610,859,
522,38.0,13074.81,1,4.67,7.0,461,631,275,
895,49.0,9000.36,0,4.13,11.0,597,824,594,
868,39.0,13731.45,1,8.15,10.0,489,96,823,
85,33.0,8556.73,0,4.21,9.0,112,119,388,
531,37.0,12410.67,0,6.12,6.0,757,759,811,
658,48.0,11316.41,1,4.74,10.0,237,896,653,
148,35.0,13035.91,1,5.51,6.0,810,797,792,
574,36.0,5695.21,0,4.1,7.0,41,701,369,
516,43.0,6411.25,0,2.82,7.0,724,252,628,
55,42.0,9091.99,0,5.85,6.0,687,166,802,
216,39.0,11680.91,1,6.35,7.0,235,501,705,
670,44.0,8841.3,1,6.08,7.0,198,894,776,
443,51.0,7985.76,1,3.48,8.0,61,383,717,
762,35.0,11814.59,0,5.89,6.0,618,12,247,
198,52.0,7077.34,1,5.6,8.0,821,485,270,
251,51.0,9879.37,0,3.55,10.0,201,836,741,
770,28.0,11128.95,1,5.12,8.0,294,889,844,
259,40.0,11575.55,1,5.22,5.0,773,300,507,
383,37.0,13268.55,0,3.92,11.0,852,21,611,
64,44.0,9351.88,1,4.32,6.0,478,820,302,
353,43.0,9735.41,0,6.12,8.0,425,638,568,
1,45.0,9598.03,0,5.0,7.0,409,304,738,
339,43.0,5805.53,0,5.44,5.0,745,555,689,
50,41.0,14099.03,1,4.56,7.0,848,875,177,
408,49.0,8523.04,1,4.15,5.0,729,802,845,
35,42.0,6406.38,0,3.0,9.0,117,100,43,
428,48.0,5622.5,0,6.05,7.0,546,565,246,
238,47.0,6670.37,0,2.55,9.0,376,494,400,
395,46.0,13547.39,0,2.67,8.0,532,49,491,
476,47.0,9182.81,1,6.45,11.0,529,156,207,
502,42.0,9741.19,1,3.85,9.0,349,62,534,
26,39.0,8880.17,0,4.0,8.0,448,696,404,
372,45.0,13122.89,0,5.84,6.0,856,491,671,
7,41.0,12659.88,0,4.55,4.0,359,282,453,
96,37.0,8286.87,1,6.25,8.0,186,215,224,
175,37.0,9229.96,0,3.65,8.0,832,321,273,
599,45.0,4863.73,1,5.17,8.0,470,1,141,
687,42.0,12800.82,1,3.62,8.0,181,750,221,
663,52.0,9893.92,0,6.91,7.0,266,674,590,
41,45.0,12056.18,0,5.46,4.0,706,895,680,
473,51.0,6517.93,1,5.47,10.0,541,402,648,
454,39.0,9315.6,1,5.02,10.0,417,206,189,
